{"loss": [0.013373010791838169, 0.007054276764392853, 0.005319483578205109, 0.004486576188355684, 0.004019979387521744, 0.003754757111892104, 0.00349173741415143, 0.0033047054894268513, 0.0031953684519976377, 0.003086162731051445, 0.0030071933288127184, 0.0029130433686077595, 0.002848086878657341, 0.0028089883271604776, 0.0027705994434654713, 0.00273680011741817, 0.0027051237411797047, 0.002648251596838236, 0.002665979787707329, 0.0026550469920039177], "mae": [0.08326613903045654, 0.060496315360069275, 0.05219671502709389, 0.047695860266685486, 0.04503154382109642, 0.04332909360527992, 0.041711024940013885, 0.04061262309551239, 0.03982798010110855, 0.0391993448138237, 0.03870152309536934, 0.038130391389131546, 0.03761279955506325, 0.037392400205135345, 0.0371195524930954, 0.03679525479674339, 0.0366133488714695, 0.03627777099609375, 0.03636825457215309, 0.03626423701643944], "val_loss": [0.0062410105019807816, 0.0043256282806396484, 0.0038592887576669455, 0.0033704545348882675, 0.003251454560086131, 0.003026155987754464, 0.002897382713854313, 0.0027318294160068035, 0.003149522002786398, 0.0025667212903499603, 0.0025095425080507994, 0.0024118097499012947, 0.002444959944114089, 0.002476833062246442, 0.002381920348852873, 0.002265006536617875, 0.002303649438545108, 0.002326713176444173, 0.002295705256983638, 0.0021869188640266657], "val_mae": [0.0563073493540287, 0.04671821370720863, 0.044260475784540176, 0.04060966521501541, 0.039958834648132324, 0.03890851512551308, 0.03709308058023453, 0.03637051582336426, 0.03881319239735603, 0.035159289836883545, 0.03471093624830246, 0.03406025469303131, 0.03388861566781998, 0.03430786728858948, 0.03363806754350662, 0.032799579203128815, 0.033116020262241364, 0.03333066403865814, 0.03324005380272865, 0.032125357538461685]}